Parameter,Value
Mc,1.6500000000000004
b-value,0.525313148105572
b-value (std),1.0945975149080987e-06
a-value,6.367747858764427
a-value (annual),4.812901058088142
N events (>= Mc),316943.0
Years of data,35.879534565366185
