Magnitude,Annual_Rate,Recurrence_Years
4.0,514.8117678243532,0.0019424575398229562
4.5,281.1848331995078,0.0035563795835690556
5.0,153.58023138354312,0.006511254677710786
5.5,83.88392504473079,0.01192123520050777
6.0,45.816527410597516,0.021826184927509297
6.5,25.024510749189048,0.03996082121335404
7.0,13.668127499585005,0.07316291130810437
7.5,7.465389082620364,0.13395149119930375
8.0,4.0775178718957275,0.24524723898636847
