Variable,Coefficient,Odds_Ratio,OR_2.5%,OR_97.5%,p_value,Significant
const,-7.824354067074135,0.00039987679649064066,0.0002873031627393846,0.0005565600143311523,0.0,True
moon_phase_Full Moon,-0.03696377540159331,0.9637110447623365,0.5200069178102718,1.7860127355762816,0.9065202087067361,False
moon_phase_Waning,-0.04598444783446577,0.9550568152769013,0.49203803252020195,1.8537866183533425,0.8919039494458834,False
moon_phase_Waxing,0.1979478660946428,1.2188988462080763,0.7231729791832922,2.0544384815998735,0.4573842168685892,False
log_illumination,0.16156961900726716,1.1753542823084058,0.9769353427791997,1.4140727932011516,0.08678285606509493,False
